epoch,steps,Accuracy,Accuracy_Threshold,F1,F1_Threshold,Precision,Recall,Average_Precision
1.0,42,0.8708891595615104,7.3836584,0.39525691699604737,3.035072,0.33783783783783783,0.47619047619047616,0.28682436391537935
