epoch,steps,Accuracy,Accuracy_Threshold,F1,F1_Threshold,Precision,Recall,Average_Precision
1.0,42,0.8721071863580999,5.709959,0.3904109589041096,2.3247266,0.3048128342245989,0.5428571428571428,0.28925214613647393
